{"cameraMode":{"drawMode":0,"name":"Shaded","section":"Shading Mode"},"sceneLighting":false,"audioPlay":false,"sceneViewState":{"m_AlwaysRefresh":false,"showFog":true,"showSkybox":false,"showFlares":true,"showImageEffects":true,"showParticleSystems":true,"showVisualEffectGraphs":true,"m_FxEnabled":true},"in2DMode":false,"pivot":{"x":1.44195556640625,"y":-0.36756062507629397,"z":0.4424123764038086},"rotation":{"x":0.0525648407638073,"y":-0.8989747762680054,"z":0.11250481009483338,"w":0.42003023624420168},"size":3.4330122470855715,"orthographic":false}