{"cameraMode":{"drawMode":0,"name":"Shaded","section":"Shading Mode"},"sceneLighting":false,"audioPlay":false,"sceneViewState":{"m_AlwaysRefresh":false,"showFog":true,"showSkybox":false,"showFlares":true,"showImageEffects":true,"showParticleSystems":true,"showVisualEffectGraphs":true,"m_FxEnabled":true},"in2DMode":false,"pivot":{"x":-0.3638051152229309,"y":0.8971576690673828,"z":-0.7926283478736877},"rotation":{"x":0.04495658725500107,"y":-0.9489703178405762,"z":0.2696712911128998,"w":0.15763172507286073},"size":2.7120108604431154,"orthographic":false}