{"cameraMode":{"drawMode":0,"name":"Shaded","section":"Shading Mode"},"sceneLighting":false,"audioPlay":false,"sceneViewState":{"m_AlwaysRefresh":false,"showFog":true,"showSkybox":false,"showFlares":true,"showImageEffects":true,"showParticleSystems":true,"showVisualEffectGraphs":true,"m_FxEnabled":true},"in2DMode":false,"pivot":{"x":0.34220433235168459,"y":0.2362487018108368,"z":-0.6124223470687866},"rotation":{"x":-0.00022889365209266543,"y":0.9995635151863098,"z":-0.028495192527770997,"w":-0.008098093792796135},"size":0.8660253882408142,"orthographic":true}