{"cameraMode":{"drawMode":0,"name":"Shaded","section":"Shading Mode"},"sceneLighting":false,"audioPlay":false,"sceneViewState":{"m_AlwaysRefresh":false,"showFog":true,"showSkybox":false,"showFlares":true,"showImageEffects":true,"showParticleSystems":true,"showVisualEffectGraphs":true,"m_FxEnabled":true},"in2DMode":false,"pivot":{"x":-2.270568609237671,"y":0.7637320756912231,"z":-0.22158145904541017},"rotation":{"x":0.006257109344005585,"y":-0.13279372453689576,"z":0.0008098257821984589,"w":0.9911545515060425},"size":3.866024971008301,"orthographic":false}