{"cameraMode":{"drawMode":0,"name":"Shaded","section":"Shading Mode"},"sceneLighting":false,"audioPlay":false,"sceneViewState":{"m_AlwaysRefresh":false,"showFog":true,"showSkybox":false,"showFlares":true,"showImageEffects":true,"showParticleSystems":true,"showVisualEffectGraphs":true,"m_FxEnabled":true},"in2DMode":false,"pivot":{"x":-0.2209852933883667,"y":1.231912612915039,"z":0.6869820952415466},"rotation":{"x":-0.002375530544668436,"y":-0.9955434799194336,"z":0.027203183621168138,"w":-0.09073705226182938},"size":0.8660253882408142,"orthographic":false}