{"cameraMode":{"drawMode":0,"name":"Shaded","section":"Shading Mode"},"sceneLighting":false,"audioPlay":false,"sceneViewState":{"m_AlwaysRefresh":false,"showFog":true,"showSkybox":false,"showFlares":true,"showImageEffects":true,"showParticleSystems":true,"showVisualEffectGraphs":true,"m_FxEnabled":true},"in2DMode":false,"pivot":{"x":1.2733639478683472,"y":0.657795250415802,"z":0.23464563488960267},"rotation":{"x":-0.005458826664835215,"y":0.9672953486442566,"z":-0.25307801365852358,"w":-0.020532185211777688},"size":4.917375564575195,"orthographic":true}