{"cameraMode":{"drawMode":0,"name":"Shaded","section":"Shading Mode"},"sceneLighting":false,"audioPlay":false,"sceneViewState":{"m_AlwaysRefresh":false,"showFog":true,"showSkybox":false,"showFlares":true,"showImageEffects":true,"showParticleSystems":true,"showVisualEffectGraphs":true,"m_FxEnabled":true},"in2DMode":false,"pivot":{"x":-0.40830835700035097,"y":-3.662343978881836,"z":17.641517639160158},"rotation":{"x":-0.1562688797712326,"y":-0.0014309759717434645,"z":0.00019426066137384623,"w":-0.987800657749176},"size":12.660158157348633,"orthographic":false}